twitt_id; date; user_id; user_name; text; lat; lng
354379762522783744; "Mon Jul 08 232134 0000 2013"; 14118313; "Doug Littlejohn"; "Power is on and basement is dry  #TOstorm   #fb"; 43.73930735; -79.75104948
354379781447495680; "Mon Jul 08 232138 0000 2013"; 114438938; "Anshel Mark"; "Heres Queens Park Subway Station for you right now. #Toronto #Flood #Dirty #Smelly #Underground #TTC http//t.co/YVNYuze5AO"; 43.65979989; -79.390769
354379780688322562; "Mon Jul 08 232138 0000 2013"; 17479878; "Jess Morton"; "#stormTO is trending on Twitter! Oh Canada."; 43.74930222; -79.46219094
354379879766171652; "Mon Jul 08 232202 0000 2013"; 359409916; "Sarah Qidwai"; "Im in class and apparently its flooded outside. #todot #flood"; 43.66191949; -79.39534648
354379902583185410; "Mon Jul 08 232207 0000 2013"; 199794033; "Vanilla Lifts"; "kissykrissyxox we are essentially flooded in Toronto....and have no power. I feel you"; 43.68795425; -79.42167144
354379929942626305; "Mon Jul 08 232214 0000 2013"; 241357014; "noah d"; "Toronto is like flooded right now OMG this happened so fast"; 43.82678204; -79.55639837
354380177855356928; "Mon Jul 08 232313 0000 2013"; 484975728; "S"; "Flooding everywhere, never seen so much water, ppls houses r gettin flooded damnn."; 43.57021911; -79.69407783
354380199778979840; "Mon Jul 08 232318 0000 2013"; 49238559; "Trevor Barry"; "Hey #TORONTO Friends   are you experiencing #FLOODING right now??  #torontoflood  #yyz #climatechange"; 48.44184113; -123.37813618
354380374194913280; "Mon Jul 08 232359 0000 2013"; 19567388; "Melissa Anderson"; "CinnamonCloud this is near me RTbeerboozebites Holy crap  SERIOUS flood at King St West http//t.co/unOQwckPmK"; 43.6367025; -79.4107662
354380469573390336; "Mon Jul 08 232422 0000 2013"; 43129834; "Monika MacMillan"; "Power is back on in downtown TO! #stormTO"; 43.60408674; -79.60377164
354380496530190336; "Mon Jul 08 232429 0000 2013"; 70065855; "Jaspal Sangha"; "Is the Stanley Cup safe?!? HockeyHallFame #StormTO"; 43.7292999; -79.4496741
354380550808678400; "Mon Jul 08 232442 0000 2013"; 317215845; "Radio Nation"; "Sometimes you just gotta deal with it by driving full speed ahead into it!! #stormTO http//t.co/epjcYKs1rB"; 43.6597857; -79.33690901
354380678890127360; "Mon Jul 08 232512 0000 2013"; 623003; "Jordan Christensen"; "The King / Atlantic underpass. Cops say 6 cars trapped.  #stormTO http//t.co/0vBCQXttqv"; 43.64286686; -79.41458006
354380833504772098; "Mon Jul 08 232549 0000 2013"; 253090802; "nicola peragine"; "highlight of my walk home enjoying the sights of those in whites. #stormTO"; 43.64276621; -79.3931441
354380904635973633; "Mon Jul 08 232606 0000 2013"; 463488179; "Jasmine Karpinski"; "mkathleenwilson its a good thing we didnt go ride tonight all I have to say #poweroutage #flood #thissucks"; 43.65220606; -79.52030713
354381118109265920; "Mon Jul 08 232657 0000 2013"; 15979327; "Rayyan Faris"; "Oh well were stuck #stormTO"; 43.71938979; -79.44474053
354381152133464064; "Mon Jul 08 232705 0000 2013"; 840809827; "TreeshaLiu"; "ayeeitsmichiie LOOOLL Im like freakin out I dun wanna come home to a flood and have to clean it all by myself"; 44.63810464; -63.59567703
354381237261041665; "Mon Jul 08 232725 0000 2013"; 216831431; "Angelo"; "I was one of the lucky guys stuck on the humid subway then had to walk in the underground path with no lights on and flood up to my ankles."; 43.7658861; -79.150024
354381408422211584; "Mon Jul 08 232806 0000 2013"; 1116052914; "kelly"; "ElenaLappo So my hubby is stuck in a bus at 427 and burnhamthorpe....cars flooded to the roofs http//t.co/1NKhhFjspf #crazy"; 44.3511369; -78.43968426
354381607244808192; "Mon Jul 08 232853 0000 2013"; 124020817; "prod.byM"; "I really hope the gym doesnt get flooded tonight."; 43.70299847; -79.78082736
354381611258740737; "Mon Jul 08 232854 0000 2013"; 623003; "Jordan Christensen"; "Power back on in Trinity Niagara #stormTO http//t.co/0GHRPE1gXh"; 43.64292474; -79.41460873
354381778502434816; "Mon Jul 08 232934 0000 2013"; 21219417; "Zack"; "In the craziest cab ever. Just lucky to be in a cab. #StormTO"; 43.67587753; -79.36025966
354381825352798208; "Mon Jul 08 232945 0000 2013"; 26701992; "Morgan Cameron Ross"; "#toronto #flood #dogs #bellwoods  Trinity Bellwoods Park http//t.co/0oUxwAiw9U"; 43.64796975; -79.4142437
354381858500382720; "Mon Jul 08 232953 0000 2013"; 52065949; "Shubham Datta"; "Watch live as #stormTO unfolds http//t.co/QZruMy3wor #stormwatch"; 43.69798672; -79.50692877
354381962057744384; "Mon Jul 08 233018 0000 2013"; 44826155; "Bryant Balatbat"; "Im taking bets on what time Ill probably get home. Still stuck at union station. #stormTO"; 43.63930301; -79.38053072
354381981812924418; "Mon Jul 08 233023 0000 2013"; 357856127; "Janessa Friesen"; "Stay safe and dry mon amigos!  MarcDFowler LeikeyDesigns   #stormTO #flooding #yikes"; 43.3818954; -79.76846313
354382051048304640; "Mon Jul 08 233039 0000 2013"; 55152818; "Sunny"; "The awkward moment when a tow truck needs a tow... #TOstorm"; 43.7809547; -79.68840094
354382728575213568; "Mon Jul 08 233321 0000 2013"; 14184164; "karthicramesh"; "Toronto Flood. http//t.co/Cqnl0Cvs1E"; 43.63866006; -79.43198854
354382896812933120; "Mon Jul 08 233401 0000 2013"; 137496524; ""; "LilMissTwiggy lol theres a flood outside my house... its rainin buckets no power and my phone is bout to die"; 43.5880505; -79.689245
354383000416419841; "Mon Jul 08 233426 0000 2013"; 206433627; "Nelly"; "Everywhere is flooded lol."; 43.6958731; -79.8149578
354383036101570561; "Mon Jul 08 233434 0000 2013"; 274296498; "Emily Ching"; "I disagree, MoTheCanadian Ppl love to see Toronto in pain  how did YYZ react to ice storms? YYc flood? Better than this. beisan is right"; 50.46773671; -104.65396081
354383274208018432; "Mon Jul 08 233531 0000 2013"; 55152818; "Sunny"; "Turning all my lights and electronics off because I want to fit in. #TOstorm"; 43.78103635; -79.6877649
354383273146843137; "Mon Jul 08 233531 0000 2013"; 14184164; "karthicramesh"; "Flood water at king street and Atlantic!!. #torontoflood #kingstreetwest http//t.co/7lhEqthPbM"; 43.63864182; -79.43195945
354383575262568449; "Mon Jul 08 233643 0000 2013"; 274296498; "Emily Ching"; "CP24 Mayor Ford says he has spoken to police chief and everything is under control. Oh, well. No need to worry,#robford has got #TOstorm"; 50.46767773; -104.65419785
354383614219268098; "Mon Jul 08 233652 0000 2013"; 241357014; "noah d"; "Escaping the flood yall. http//t.co/XEMTKZ2Erb"; 43.8444808; -79.56007314
354383755525378048; "Mon Jul 08 233726 0000 2013"; 160385067; "Julie DeWolfe"; "Umm, the southbound dvp is now heading northbound, apparently. #oppositeday #stormTO http//t.co/7Anj9SjYBy"; 43.67575237; -79.36075818
354383905404616704; "Mon Jul 08 233801 0000 2013"; 138575072; "Jason Porter"; "Flooded  Applewood Hills Park pic http//t.co/tFX9DAN43b"; 43.616146; -79.60073
354384001005400065; "Mon Jul 08 233824 0000 2013"; 1499386506; "erin latimer"; "While etobicoke is getting flooded,  Im tanning http//t.co/HYjZBnlp4Q"; 50.07862002; -123.0427776
354384039806906369; "Mon Jul 08 233833 0000 2013"; 156744338; "Jen"; "COOL HOW AM I GETTING HOME THE SUBWAY IS SHUT DOWN AND ALL TE HIGHWAYS ARE FLOODED. andrewlarose is my fucking hero"; 43.62632825; -79.37628171
354384046370983936; "Mon Jul 08 233835 0000 2013"; 200951665; "Joanne Jacklyn"; "Thank God! Power is back!  No need to call the army after all! #toronto #weather #flood #nopower #nowater #safe #thunderstorm"; 43.63975475; -79.38307344
354384090734137346; "Mon Jul 08 233846 0000 2013"; 198602448; "V"; "Sooo I made it home....Parking level 4 is FLOODED. Perfect. Hahaha #illparkontheroof"; 43.63895828; -79.4021215
354384104818622467; "Mon Jul 08 233849 0000 2013"; 317215845; "Radio Nation"; "Splish Splash I was takin a bath all up on a Monday night. #stormTO http//t.co/zfUxdhY7ve"; 43.65974221; -79.33687237
354384432678969345; "Mon Jul 08 234007 0000 2013"; 138597182; "Laurent Loganathan"; "Gas Station at Victoria Park n McNicoll is open #stormTO"; 43.77191739; -79.32093762
354384439805100032; "Mon Jul 08 234009 0000 2013"; 623003; "Jordan Christensen"; "braziunas Queen and Dufferin flood http//t.co/velcVY9ZID #stormTO"; 43.64281446; -79.41463031
354384872263008257; "Mon Jul 08 234152 0000 2013"; 253090802; "nicola peragine"; "guess i made the right call avoiding it! RT TOPROBLEMS Now We Can Swim in Queens Station #StormTo #TORONTOPROBLEMS http//t.co/hhOchN9MDZ"; 43.65425076; -79.4028418
354384901769936896; "Mon Jul 08 234159 0000 2013"; 270493263; "Lauren Aitchison"; "Just got on a GO bus out of the city after an hour... I feel like Im on the Titanic and somehow managed to get onto a lifeboat #stormTO"; 43.64477572; -79.37462659
354385057869352960; "Mon Jul 08 234236 0000 2013"; 27523643; "Anita Li"; "Per my previous tweet, heres a photo of my condos parking area #stormTO #craycray http//t.co/susvNaieQp"; 43.65084675; -79.36070825
354385141159833600; "Mon Jul 08 234256 0000 2013"; 310009602; "Julie Grant"; "No MT weathernetwork More training tstorms to hit flooded areas in next 3060 mins. If possible, shelter in place. Flooding could worsen!"; 43.7608; -79.72059
354385225045913600; "Mon Jul 08 234316 0000 2013"; 14289092; "The GATE"; "Blackout  Blurred Lines  Good night. #stormTO"; 43.6329529; -79.5331272
354385305907900416; "Mon Jul 08 234335 0000 2013"; 169699409; ""; "Anyone thirsty? Torontos fuckin flooded!  #stormTO #torontoproblems #TOflood"; 43.64328938; -79.48418881
354385381120155648; "Mon Jul 08 234354 0000 2013"; 198602448; "V"; "blogTO #stormTO  #fortyorkblvd http//t.co/Fe754E9XXP"; 43.63812179; -79.40486825
354385432445849600; "Mon Jul 08 234405 0000 2013"; 471638733; "Iffat M."; "rabiaas omg is there a flood there too?"; 43.78617048; -79.16686934
354385580190212097; "Mon Jul 08 234441 0000 2013"; 21543404; "Alexander"; "Finally walking up Bathurst and still getting splashed. Eagerly anticipate probably getting home to discover my basement bedroom flooded."; 43.65491578; -79.4070687
354385692022943745; "Mon Jul 08 234507 0000 2013"; 503855448; "Angie Elizabeth"; "Handle what? Ford says everythings cool. ericduckman MT Jokes re how TO wld handle a flood w/o nenshi were about to find out #yyzflood"; 43.72736435; -79.31877299
354385863695806464; "Mon Jul 08 234548 0000 2013"; 270493263; "Lauren Aitchison"; "Stay warm and safe friends #stormTO"; 43.63984749; -79.38384362
354385893328568320; "Mon Jul 08 234555 0000 2013"; 64041975; "Kimberly Helena"; "Fall asleep for two hours and wake up to find out Toronto is flooded. #crazy"; 43.51123051; -80.21088747
354386023591059457; "Mon Jul 08 234626 0000 2013"; 29115299; "h"; "Dinner flooded out /  Epic  fairmonthotels http//t.co/8dy5luFmtN"; 43.64540332; -79.38141418
354386097184317440; "Mon Jul 08 234644 0000 2013"; 446679168; "Matt Neill"; "Stay in Calgary floodLeave to Toronto for a week flood#wtf"; 43.77086093; -79.60785824
354386234522607617; "Mon Jul 08 234717 0000 2013"; 789801456; "Marie Tartaro"; "Cars are flooded to the roof in Toronto, looks like im staying another night"; 43.72910651; -79.45142628
354386427242496000; "Mon Jul 08 234803 0000 2013"; 53969028; "Toronto Now"; "Toronto hit by heavy rains, local flooding A number of Toronto streets have been flooded with rainwater as the... http//t.co/O3DNRKJ1YF"; 43.64842391; -79.37536382
354386508502933505; "Mon Jul 08 234822 0000 2013"; 383941690; "T.matas"; "Please flood maple"; 43.87036543; -79.52339884
354386573615300608; "Mon Jul 08 234837 0000 2013"; 21541287; "Natalia Nikola"; "The city is flooded, powers out everywhere. Can I go home?"; 43.7293292; -79.4512884
354386696097370112; "Mon Jul 08 234907 0000 2013"; 465665111; "Britney Foster"; "Im kinda down to go to dundas just to see the huge flood and stand it in ...."; 43.48998642; -79.87527666
354386750505893889; "Mon Jul 08 234920 0000 2013"; 81998963; "Seb"; "Brace yourself, the I survived the 2013 blackout flood tweets are coming."; 43.57473088; -79.65892931
354386750220681216; "Mon Jul 08 234920 0000 2013"; 184260523; "Kaila Ashley"; "I hope all my fellow torontonians are keeping safe from the flooding! For once Im happy Im not currently in my city #stormTO"; 49.88418887; -97.30561935
354386827408441344; "Mon Jul 08 234938 0000 2013"; 52065949; "Shubham Datta"; "RT 680News .TorontoHydro says approximately 300,000 customers are without power across #Toronto. #stormTO #fb"; 43.70832119; -79.51140496
354387219328409600; "Mon Jul 08 235112 0000 2013"; 53523485; "Mark Shannon"; "Probably best if you stay away from flooded underpasses. #toronto #globestorm http//t.co/iUtqY3xUKF"; 43.64635609; -79.52576998
354387289343922176; "Mon Jul 08 235128 0000 2013"; 149018164; "LeRoi"; "Flood and storm in Toronto, Mississauga, Brampton and Markham, Power outage and people stuck in the Subways, elevators, stranded God help US"; 43.66354; -79.36156
354387461226504192; "Mon Jul 08 235209 0000 2013"; 217524162; "Jim LaChapelle"; "Gonna need someone to bring me food.    Only edible things i have are Parmesan Garlic triscuits amp, cheese #TOstorm"; 43.72836099; -79.44208886
354387508534050818; "Mon Jul 08 235220 0000 2013"; 143721841; "Bonnie Looi"; "Wow cant believe all this rain!! T.O. is flooded!!!! No way hm. So sad!! Lol!! Trying 2 find my way hm. #Toronto #flood"; 43.6509951; -79.3703655
354387568164483072; "Mon Jul 08 235235 0000 2013"; 831772116; "Laurie Paetz"; "jennl4ty Are you getting the flood warnings in #Mississauga Stay safe!"; 50.96952402; -114.11959941
354387646631514113; "Mon Jul 08 235253 0000 2013"; 17221114; "Roanne Argyle"; "WOW! JProskowGlobal Woah. jaimeofwicked GO train.  Flooded. Help? http//t.co/c1nRrPL4o2"; 43.6825828; -79.3598204
354387724561678336; "Mon Jul 08 235312 0000 2013"; 53523485; "Mark Shannon"; "Flooded, stranded, abandoned car at Bloor/Islington. #toronto #globestorm #torontoiswet http//t.co/a4fM09kall"; 43.6461991; -79.52612163
354387754563547136; "Mon Jul 08 235319 0000 2013"; 19166108; "Jonathan Bunford"; "Tons of rain  no power  ice cream for dinner! #stormTO http//t.co/pjFoQtxqjD"; 43.62405663; -79.5174008
354387912982413313; "Mon Jul 08 235357 0000 2013"; 132034640; "Trendsmap Ottawa"; "#stormto is now trending in #Ottawa http//t.co/PGkukxpwuz"; 45.4235; -75.6979
354388138518515713; "Mon Jul 08 235451 0000 2013"; 14289092; "The GATE"; "This one goes out to Toronto. https//t.co/pLGNUEMkAT #stormTO"; 43.6329529; -79.5331272
354388213126807552; "Mon Jul 08 235508 0000 2013"; 218991685; "Radek Bonk"; "The flood In Toronto is Burke and Wilsons fault."; 46.48561439; -81.00956579
354388309583200256; "Mon Jul 08 235531 0000 2013"; 1170203690; "Maria G Yates"; "And then this happened RT CTVNews Dramatic photos show parts of Toronto flooded by heavy rain http//t.co/zKYlKVALAr"; 43.3460968; -79.8247218
354388310489190400; "Mon Jul 08 235532 0000 2013"; 29306771; "Sab"; "Barely made it through the flood  still stuck here thanks to all medics  and kind ppl that helped me and others http//t.co/dRHMujTa84"; 43.76261693; -79.46336922
354388552097869824; "Mon Jul 08 235629 0000 2013"; 198758674; "Failte Irish Pub"; "Please, please be safe out there everyone #stormTO"; 43.63718837; -79.63041323
354388596721057792; "Mon Jul 08 235640 0000 2013"; 298269048; "Tony, Literally"; "Stuck in Toronto? Probably best to inquire about hotels flood rates #floodTO"; 43.66360169; -79.38090234
354389114684047362; "Mon Jul 08 235843 0000 2013"; 44826155; "Bryant Balatbat"; "A marine unit is being deployed to rescue stranded passengers on a GO train. Wow. #stormTO  #shitgotreal"; 43.63930301; -79.38053072
354389204987416576; "Mon Jul 08 235905 0000 2013"; 564836047; "Evan Kirkman"; "I need to buy more candles. #stormTO"; 43.61735579; -79.48732185
354368145621909508; "Mon Jul 08 223524 0000 2013"; 21543404; "Alexander"; "Union Station is apparently maybe flooded so north south subway is not happening"; 43.65598892; -79.38251046
354368144325869568; "Mon Jul 08 223524 0000 2013"; 49420730; "Dave Silva"; "Walmart in Vaughan is closed  powers out. Lowes is flooded and will be closing soon #SeriousRain"; 43.79616408; -79.53101342
354368155851821056; "Mon Jul 08 223526 0000 2013"; 130263572; "Donna Lindell"; "And we have Ford in charge. HuffPostCanada Environment Canada has issued a flood watch for #toronto. #yyz"; 43.68272797; -79.34254963
354368166337581056; "Mon Jul 08 223529 0000 2013"; 369105724; "Nick Moran"; "My office building has been flooded. That was a lot of rain. Nervous my apartment has suffered the same fate!"; 43.6653502; -79.592095
354368390497976322; "Mon Jul 08 223622 0000 2013"; 232934938; "JessicaLC"; "Dear Apartment Please dont be flooded. Please dont be flooded. Please dont be flooded."; 43.66181458; -79.33663733
354368548556124160; "Mon Jul 08 223700 0000 2013"; 18825309; "AleenaZ"; "Close to yonge and st Clair #stormTO http//t.co/W9kRD3Jvgr"; 43.69482344; -79.39614573
354368656639139840; "Mon Jul 08 223726 0000 2013"; 107531682; "claud"; "High way is flooded . #holyshit http//t.co/ghNHdXictE"; 43.59402944; -79.57170287
354368907022315520; "Mon Jul 08 223826 0000 2013"; 404445639; "Joanna Britton"; "According to wells83...our house is about to be under water if this doesnt let up #stormTO #flood #libertyvillage http//t.co/iy3QZTlYsY"; 43.6502361; -79.3583842
354368973502021633; "Mon Jul 08 223841 0000 2013"; 181782222; "Michael Revell"; "I may need to acquire an ark #stormTO"; 43.65170656; -79.3688687
354369719819702273; "Mon Jul 08 224139 0000 2013"; 253090802; "nicola peragine"; "Power outage in the office. Subway down. Union station flooding. What a great way to end my Monday! #stormTO"; 43.643971; -79.381227
354370204211486720; "Mon Jul 08 224335 0000 2013"; 320216015; "David Vo"; "A flooded basement is the perfect way to round off my day.. Fml!"; 43.65147862; -79.43818329
354370289561387008; "Mon Jul 08 224355 0000 2013"; 217239049; "Mike Busby"; "Never seen Toronto like this before, the path is starting to flood in areas. #toronto #torontoproblems"; 43.6457998; -79.37679482
354370399997394944; "Mon Jul 08 224421 0000 2013"; 56404204; "TheGroobster"; "Epic Delays at #Islington. Bloor bridge flooded. Car is stuck halfway in water. Shouldve taken a pic. #Toronto"; 43.645358; -79.5236846
354370482893623296; "Mon Jul 08 224441 0000 2013"; 61882842; "Trish The Dish"; "Figure Ill checkin in case someone wants to come find me and say hi.  No one is moving.  #stormTO http//t.co/AEvgxLAtV9"; 43.666517; -79.596135
354370848821493760; "Mon Jul 08 224608 0000 2013"; 137204706; "JCo Junk"; "Quick Break Out The Yellow Submarines !!! #Toronto #Flood"; 43.6599128; -79.33449347
354370865913278464; "Mon Jul 08 224613 0000 2013"; 720659407; "Amy"; "Toronto flood ! http//t.co/l3ygiT5wth"; 43.64973; -79.38233
354370996674887681; "Mon Jul 08 224644 0000 2013"; 431957043; "Vladltico C.F"; "Cooking with the power out n shit #Blackout #Flood  Chop Steakhouse Bar http//t.co/V4AurO4iml"; 43.68699428; -79.58905953
354371390503272449; "Mon Jul 08 224818 0000 2013"; 219428263; "Stuart"; "Welcome to the super flood here in the GTA and the powers out. Thank goodness I wasnt working today"; 43.75406063; -79.52329229
354371535986884608; "Mon Jul 08 224852 0000 2013"; 590285119; "Michael Labrador  Realtor"; "I think every traffic light in Scarborough is out. #stormTO"; 43.78607198; -79.26723845
354371695462715392; "Mon Jul 08 224930 0000 2013"; 404445639; "Joanna Britton"; "davidfeldt RT ivortossell Trying again King and Atlantic http//t.co/Bs0gWAw3rA #stormto #floodto HOW DO I GET HOME!"; 43.6501653; -79.35843091
354371771518025729; "Mon Jul 08 224948 0000 2013"; 443804372; "Mike Wedmann"; "LyndsayCTV Thats a little scary! #Toronto MT ElenaLappo 427 and burnhamthorpe....cars flooded to the roofs http//t.co/rBukJeU5SM wow"; 43.5083; -79.65421
354371891869401091; "Mon Jul 08 225017 0000 2013"; 762691646; "Irving"; "ShaayanB lol yeah but my backyard got flooded"; 43.74105084; -79.59671932
354371936639401984; "Mon Jul 08 225028 0000 2013"; 52065949; "Shubham Datta"; "Using the remaining battery on my laptop to charge my phone! #darkTO #stormTO #stormwatch"; 43.69795675; -79.50701854
354371943543214080; "Mon Jul 08 225029 0000 2013"; 23240685; "Arif Hirani"; "Power out ! Yikes. #stormTO"; 43.64376961; -79.40376984
354372111038554114; "Mon Jul 08 225109 0000 2013"; 326295787; "anamika"; "LOOL GIANT TIGERS FLOODED"; 43.71881022; -79.57011374
354372165912641537; "Mon Jul 08 225122 0000 2013"; 233292628; "Maria T"; "8soup good luck  that storm was a doozy. Flooded downtown and knocked out power even in Mississauga #inthedark"; 43.63401; -79.73476
354372209525006337; "Mon Jul 08 225133 0000 2013"; 364033350; "Avarie"; "Power out in Toronto.. #stormTO #Toronto"; 43.52119; -79.64261
354372274146643968; "Mon Jul 08 225148 0000 2013"; 253090802; "nicola peragine"; "Witnessing ton of lost flipflops in the giant puddles at York amp, Bremner! I guess no umbrella is better than no shoes   #stormTO"; 43.64157036; -79.38236944
354372556217786368; "Mon Jul 08 225255 0000 2013"; 253090802; "nicola peragine"; "This is true. Thanks TELUS! #stormTO RT GusReid nicperagine unionstationTO well at least you have phone service. #RogersFidoOutage"; 43.64140513; -79.38286423
354372610752131073; "Mon Jul 08 225308 0000 2013"; 332356100; ""; "The subway is flooded OMG how the fuck do I get home....idk where I am"; 43.65058371; -79.38759859
354372762527203328; "Mon Jul 08 225345 0000 2013"; 16968943; "Keane Quibilan"; "Holy gushers! #flood #rain onedidier  http//t.co/G7YO7fEr3n"; 43.73267308; -79.26369833
354372906723184641; "Mon Jul 08 225419 0000 2013"; 16879485; "Danielle"; "tealangelina I saw that Wilson flooded really bad yesterday too. This is insane! Stay safe!!"; 43.63982723; -79.37517155
354373021680676865; "Mon Jul 08 225446 0000 2013"; 18773985; "Candace Forsyth"; "Suddenly Im happy I cycled at the beginning of the storm and not at the flood the entire city with doom and mayhem part."; 43.66814899; -79.43216824
354373029549178881; "Mon Jul 08 225448 0000 2013"; 274296498; "Emily Ching"; "So... How many major cities have to flood before climate change becomes a priority? #cdnpoli #srsly #yyz  #yyc"; 50.46773671; -104.65396083
354373117138829312; "Mon Jul 08 225510 0000 2013"; 422037568; "Scott Rathbone"; "Candle light dinner. Bonus of the #tostorm http//t.co/0Jrb7Vpcjb"; 43.6388068; -79.4140126
354373170897235970; "Mon Jul 08 225522 0000 2013"; 16086642; "The Wolf of King Ed"; "Heading to Toronto next week and its flooded"; 49.26452777; -123.07751595
354373968733544448; "Mon Jul 08 225832 0000 2013"; 517864907; "kristina anzlinger"; "blogTO mayham on lakeshore #stormto http//t.co/TxyPcddca4"; 43.63109225; -79.39746478
354374085104517120; "Mon Jul 08 225900 0000 2013"; 274296498; "Emily Ching"; "#stormTO wont do it, Im sure. Maybe an #ottawastorm? Or do we need a #cdnfamine?"; 50.46767805; -104.6541977
354374096668205057; "Mon Jul 08 225903 0000 2013"; 6403932; "Mike McKenna"; "Lower Simcoe street flooded  InterContinental http//t.co/stmlFcSAtk"; 43.64450332; -79.3852973
354374168000737280; "Mon Jul 08 225920 0000 2013"; 1434490999; "Yousaf Shah"; "#stormTO cannot stop the jazz. The Rex is poppin."; 43.6505159; -79.388675
354374288356282368; "Mon Jul 08 225948 0000 2013"; 24931025; "Cristina Mancini"; "Is this for real?! #Toronto RT beerboozebites Holy crap  SERIOUS flood at King St West train bridge! http//t.co/DgTUDk4w4g"; 43.68623342; -79.39329071
354374544548573185; "Mon Jul 08 230050 0000 2013"; 317215845; "Radio Nation"; "Despite the flooding FedEx and FedExCanada are hard at work. #stormTO http//t.co/7BDDnpAP8h"; 43.65977653; -79.33668378
354374753693343744; "Mon Jul 08 230139 0000 2013"; 37946999; "Matt Juniper"; "RT LyndsayCTV Thats a little scary! #Toronto MT ElenaLappo 427 and burnhamthorpe....cars flooded to the roofs http//t.co/5t64AIQVBg"; 43.45282737; -79.75674645
354374912628097025; "Mon Jul 08 230217 0000 2013"; 19836975; "vicki"; "Whoa! Lucypalm Queens Park subway!  TTChelps CP24  #stormto  http//t.co/IgjBNAqnML"; 43.67574499; -79.38061564
354374921360666624; "Mon Jul 08 230220 0000 2013"; 317215845; "Radio Nation"; "Heading under the Gardiner Expressway on Lakeshore. Not a safe place to drive. #stormTO http//t.co/4lDcv9xR40"; 43.65975755; -79.33675363
354375064390606848; "Mon Jul 08 230253 0000 2013"; 171748744; "Timbit Kit"; "Put my cocksuckin skills to use to suck water through a hose so our basement wouldnt flood."; 43.7527745; -79.4487891
354375271966703616; "Mon Jul 08 230343 0000 2013"; 26937087; "Margot H"; "Unbelievable!!RT ElenaLappo So my hubby is stuck in a bus at 427 and burnhamthorpe....cars flooded to the roofs http//t.co/TNxuFOGaNV"; 43.69719484; -79.40311374
354375300647378944; "Mon Jul 08 230350 0000 2013"; 317215845; "Radio Nation"; "Lakeshore heading Eastbound to Carlaw Ave experiencing flooding #stormTO http//t.co/xzxIOeuty7"; 43.65975755; -79.33675363
354375420432498688; "Mon Jul 08 230418 0000 2013"; 15334138; "Jonathan Daly"; "Were blacked out, yo! #TOStorm  Lowe Roche http//t.co/oUDKnod5UZ"; 43.6497462; -79.39194862
354375419065155584; "Mon Jul 08 230418 0000 2013"; 222244027; "Stephanie ONeill"; "bridgeotto1 ahaha I know! Ive seen all my friends places in Toronto all flooded and crazy! #suckkkka"; 43.25956904; -79.88476671
354375477986721792; "Mon Jul 08 230432 0000 2013"; 226289519; "JordanM9393"; "LisaCim My power went out  we are being hit with a bad thunderstorm and trees are falling on power lines and we are getting flooded"; 43.60941049; -79.52793166
354375532957274112; "Mon Jul 08 230445 0000 2013"; 103452818; "coolbeanz"; "CensoredPickle ya thats probably why god sent another flood cuz u have a nice flow"; 43.5721637; -79.6965223
354375635961004033; "Mon Jul 08 230510 0000 2013"; 14289092; "The GATE"; "RT ElenaLappo So my hubby is stuck in a bus at 427 and burnhamthorpe....cars flooded to the roofs http//t.co/oe2p00YR7N Holy crap."; 43.6329529; -79.5331272
354375856837255168; "Mon Jul 08 230603 0000 2013"; 317215845; "Radio Nation"; "Another look at the flooding on Lakeshore Road #stormTO globaltvnews globeandmail http//t.co/EO2yDK9UOa"; 43.65982839; -79.33656898
354375946364653569; "Mon Jul 08 230624 0000 2013"; 28030691; "Roger Cullman"; "stankovj rezalution glad this flood didnt happen during #turfTO this past weekend #floodTO"; 43.6854683; -79.34777454
354375998139150336; "Mon Jul 08 230636 0000 2013"; 903744980; "FetaLovingGreek"; "Dear CP24 weather team,  You SUCK! #TOstorm"; 43.69747763; -79.39054392
354376020700299267; "Mon Jul 08 230641 0000 2013"; 42173023; "Faraz Ahmed"; "Damn. Need a boat to ride on those flooded roads. #TOstorm"; 43.65873648; -79.37829199
354376212140929025; "Mon Jul 08 230727 0000 2013"; 253090802; "nicola peragine"; "mattbinn Kattte damn, I bet! good thing you left when you did, doesnt look like its getting any better. #stormTO"; 43.64202742; -79.38633724
354376514164379648; "Mon Jul 08 230839 0000 2013"; 317215845; "Radio Nation"; "Go Hyundai Go Hyundai its your birthday. Just keep on truckin through the water #stormTO Hyundai http//t.co/wwqfYcH0dX"; 43.65976447; -79.33692476
354376733182537730; "Mon Jul 08 230931 0000 2013"; 29490884; "Shawn Bell"; "It is my understanding that the highway in front of me is flooded"; 43.67042958; -79.58778664
354376792099917824; "Mon Jul 08 230946 0000 2013"; 317215845; "Radio Nation"; "As you can see water gushing in the bus. #stormTO http//t.co/YPdvUiB8rN"; 43.65971294; -79.33686674
354376806935171076; "Mon Jul 08 230949 0000 2013"; 224861964; "Kirk Fitzpatrick"; "ardaocal First Calgary, now Toronto... #TOStorm in progress. http//t.co/g7Fvk4UvJG what a time to come here"; 43.6571318; -79.38423248
354376811045588994; "Mon Jul 08 230950 0000 2013"; 191136931; "Adam Boissiere"; "silkgee66 weeeeeeeeeet #literally #stormTO"; 43.44720567; -79.7092756
354376943291990017; "Mon Jul 08 231021 0000 2013"; 494565776; "DaltonChaisson"; "I hope it doesnt flood here like it is in toronto...."; 43.19365144; -79.80020437
354377000896565251; "Mon Jul 08 231035 0000 2013"; 14146356; ""; "Well, thats not good.  DVP flooded. #floodTO  Don Valley Parkway http//t.co/3zQgoUiOZs"; 43.74826564; -79.33341265
354377129116450817; "Mon Jul 08 231106 0000 2013"; 343048856; "Darryl Duggan"; "Thats a little scary! #Toronto MT ElenaLappo 427 and burnhamthorpe....cars flooded to the roofs  LyndsayCTV http//t.co/S3wKbIsMsr"; 43.70143854; -79.53353283
354377164214370305; "Mon Jul 08 231114 0000 2013"; 19836975; "vicki"; "Be careful! Power lines are down in places and hard to see them. #stormTO http//t.co/E952jD1I0Y"; 43.67611201; -79.38048558
354377234833870848; "Mon Jul 08 231131 0000 2013"; 17329839; "Tilo"; "Subway stations absolutely flooded in #Toronto. I was ankle deep in water!! Dont go to Osgoode, its a madhouse."; 43.65244489; -79.38237504
354377285438148609; "Mon Jul 08 231143 0000 2013"; 317215845; "Radio Nation"; "Commissioners road saw heavy flooding. 680News 680newstraffic #stormTO http//t.co/iLCoHdJ2CD"; 43.65981347; -79.33690966
354377389456891906; "Mon Jul 08 231208 0000 2013"; 68293330; "Calgary Now"; "News Talk 770 names new hosts for Calgary radio show left vacant after Dave Rutherford flood rant Two fresh... http//t.co/LsA7tibWN1"; 51.04839287; -114.05940132
354377710593769474; "Mon Jul 08 231324 0000 2013"; 7934512; "Eric Portelance"; "Glad I have insurance because my basement is now totally flooded"; 43.64005029; -79.42050473
354377833503662080; "Mon Jul 08 231354 0000 2013"; 317215845; "Radio Nation"; "Someone realized what lies ahead and decided to turn around. Commissioners Road near Carlaw. #stormTO http//t.co/HcG7yTtQSw"; 43.659778; -79.33692956
354378151104757760; "Mon Jul 08 231510 0000 2013"; 253090802; "nicola peragine"; "Its official...my socks are soaked. #stormTO http//t.co/LQZO7LZfKT"; 43.63907015; -79.38794455
354378170344026112; "Mon Jul 08 231514 0000 2013"; 1116052914; "kelly"; "beerboozebites Holy crap  SERIOUS flood at King St West train bridge! http//t.co/OPx9shDacd wow avoid T.O for now"; 44.35096582; -78.43972486
354378420261617666; "Mon Jul 08 231614 0000 2013"; 317215845; "Radio Nation"; "Why did the Honda turn around? To avoid this. #stormTO http//t.co/O6wmRW566H"; 43.65979406; -79.3367493
354378580261744640; "Mon Jul 08 231652 0000 2013"; 427758255; "chris occhipinti"; "Cawthra road washed out! #stormto http//t.co/wH7anugnSy"; 43.573673; -79.567153
354378601812070401; "Mon Jul 08 231657 0000 2013"; 71576139; "Shreya Tekriwal Gupta"; "Wow... MT ElenaLappo 427 and burnhamthorpe....cars flooded to the roofs http//t.co/lm3T6fZJAr"; 43.85540995; -79.50443769
354378667041894402; "Mon Jul 08 231712 0000 2013"; 22558185; "Chris Chreston"; "Another flight joining the club waiting in Ottawa #stormto  Ottawa MacdonaldCartier International http//t.co/XRXmDvjfCQ"; 45.32246135; -75.66700459
354378845081702400; "Mon Jul 08 231755 0000 2013"; 89029553; "Shawn Findlay"; "There is so much fucking traffic Im debating pulling over somewhere random and watch tv on my phone #stormTO"; 43.76676433; -79.36336948
354378851842936832; "Mon Jul 08 231757 0000 2013"; 317215845; "Radio Nation"; "GreyhoundBus means business. It plows through the flooding and thinks nothing of it. #stormTO http//t.co/U6MvRnuQ1S"; 43.65977798; -79.33692972
354379218253131776; "Mon Jul 08 231924 0000 2013"; 113253801; "Sept 8s Model"; "My fucking basement it flooded ."; 43.68486294; -79.57228054
354379306446757889; "Mon Jul 08 231945 0000 2013"; 317215845; "Radio Nation"; "Commissioners is home to some film studios. Also home to lots of water at the moment. #stormTO http//t.co/fTs0kmf9mX"; 43.65976029; -79.33671843
354379669400858624; "Mon Jul 08 232111 0000 2013"; 27610782; "Stephen Wise"; "Its wet outside baby. Toronto flooded. Crazy."; 43.80812644; -79.43110842
354030085508050944; "Mon Jul 08 001204 0000 2013"; 68293330; "Calgary Now"; "Community effort puts Stampede 101 on track CALGARY  The day the recent devastating flood crashed into the... http//t.co/uF7SbAt8yf"; 51.04839287; -114.05940132
354043323972980737; "Mon Jul 08 010440 0000 2013"; 384343830; "jonathan sturgeon"; "Let it rain, let it rain, open the flood gates of heaven and let it rain, God let it rain on this city, this Provence, this country"; 45.96326474; -66.57643984
354049464350154753; "Mon Jul 08 012904 0000 2013"; 68293330; "Calgary Now"; "Alberta Premier Alison Redford says taxes shouldnt be hiked to pay for flood relief Listen to the premier. http//t.co/SibtjwmRbE"; 51.04839287; -114.05940132
354080594201804802; "Mon Jul 08 033246 0000 2013"; 27905429; "Brian"; "nenshi have you seem the flood relief tshirts with your likeness painted on them?"; 51.081862; -114.21452743
354086207317225473; "Mon Jul 08 035505 0000 2013"; 283682588; "BELIEBER4LIFE"; "#4YearsOfOneTime yesterday and the tears and memories flood in...doesnt even seem like 4 years ago."; 46.48347142; -80.98620865
354104357475713024; "Mon Jul 08 050712 0000 2013"; 221109689; "Kelly Lyver"; "Still awake after 2 hrs of sleep last night and the gutting of a flooded out basement. #insomniasucks."; 50.87782004; -114.03592057
354117729436971008; "Mon Jul 08 060020 0000 2013"; 1157683158; "Insert Clever Handle"; "RobotThomas I know! And were so close to the river it was bad!Did I ever show you my flood photos?"; 50.94834977; -114.00858067
354118583351123968; "Mon Jul 08 060344 0000 2013"; 1157683158; "Insert Clever Handle"; "When The Levee Breaks Calgary Flood 2013 http//t.co/y6PA6KkFh6robotthomasThis was the night the flooding started. In up my waist!"; 50.948954; -114.020353
354118913895841792; "Mon Jul 08 060502 0000 2013"; 1157683158; "Insert Clever Handle"; "Douglasdale Power Station Submerged Calgary Flood 2013 http//t.co/5keaoAdowQrobotthomasPower station near my house."; 50.951279; -114.01855
354119389592821761; "Mon Jul 08 060656 0000 2013"; 1157683158; "Insert Clever Handle"; "New Lakes Calgary Flood 2013 http//t.co/IF6ZcevC2QrobotthomasFlooded power lines off Deerfoot Trail"; 50.950793; -114.016147
354119605712723968; "Mon Jul 08 060747 0000 2013"; 68293330; "Calgary Now"; "Concert to raise funds for flood victims Efforts are underway to hold a major fundraising concert to support... http//t.co/6UrJCexo9A"; 51.04839287; -114.05940132
354119773572960256; "Mon Jul 08 060827 0000 2013"; 1157683158; "Insert Clever Handle"; "Friendly Military Gents Helping With The Cleanup Calgary Flood 2013 http//t.co/72nf5qA0YkFriendly soldiers helping out"; 50.950198; -114.015031
354121308801474560; "Mon Jul 08 061433 0000 2013"; 1157683158; "Insert Clever Handle"; "Friendly Military Gents Helping With The Cleanup Calgary Flood 2013 http//t.co/72nf5qA0YkrobotthomasSoldiers helping out"; 50.950198; -114.015031
354121486870646784; "Mon Jul 08 061516 0000 2013"; 1157683158; "Insert Clever Handle"; "RobotThomas Thanks!I sent 4 flood pics did you see them?Theyll be on my profile page too"; 50.94833728; -114.00856487
354140424987869184; "Mon Jul 08 073031 0000 2013"; 17337834; "04936"; "04936 Flash Flood Watch issued July 08 at 324AM EDT until July 09 at 1200AM EDT by NWS Gray/Portland http//t.co/3CP6zdjCw6"; 45.400842; -70.630941
354176536737366016; "Mon Jul 08 095401 0000 2013"; 34093802; "Tonya Marie"; "KarrileeA Friend I just inundated your DM box with a bazillion messages , #sorrynotsorry"; 42.99010665; -81.16171195
354201723021164544; "Mon Jul 08 113406 0000 2013"; 68293330; "Calgary Now"; "Volunteer effort continues in High River Crews have been working around the clock to clean up the flood damage... http//t.co/TaCoVgPJNa"; 51.04839287; -114.05940132
354231612923322372; "Mon Jul 08 133252 0000 2013"; 15417789; "Mike Isinger"; "Chinese buyers flood U.S. housing market. http//t.co/oINa6Q3sOw"; 49.150026; -123.194238
354237282582134784; "Mon Jul 08 135524 0000 2013"; 17337834; "04936"; "04936 Flash Flood Watch issued July 08 at 951AM EDT until July 09 at 1200AM EDT by NWS Gray/Portland http//t.co/bm7mrHm4AA"; 45.400842; -70.630941
354240563689684994; "Mon Jul 08 140826 0000 2013"; 68293330; "Calgary Now"; "Lack of flood assistance for secondhome owners questioned As the flood cleanup continues, Albertans with... http//t.co/oKLYQl9p0e"; 51.04839287; -114.05940132
354243869057093632; "Mon Jul 08 142134 0000 2013"; 128684824; "Terry"; "Zero energy or motivation. Need new shoes for work tho. Amp flood killed mine....sigh"; 43.7150029; -79.54426789
354250885481771009; "Mon Jul 08 144927 0000 2013"; 92423536; "Kevin J Mellis"; "bifnaked you certainly are a very strong advocate for Alberta and this very unfortunate flood. Very cool to see! Thanx again!!! Cheers K"; 51.06220603; -114.06474427
354283499454332929; "Mon Jul 08 165903 0000 2013"; 68293330; "Calgary Now"; "Calgary flood victim overbilled by contractor, she says A Calgary homeowner alleges a restoration company... http//t.co/HLRdBhaGlQ"; 51.04839287; -114.05940132
354295838937321472; "Mon Jul 08 174805 0000 2013"; 70196696; "Winnipeg Now"; "R.M. of Mossey declares state of emergency after flood A central Manitoba community has declared a state of... http//t.co/mNF82vh1RC"; 49.89034914; -97.13954053
354296138628743169; "Mon Jul 08 174916 0000 2013"; 51328809; "Myles Olson"; "New photo Flood2013Full http//t.co/5R7AruMybJ"; 51.0377361; -114.0815378
354299103783563264; "Mon Jul 08 180103 0000 2013"; 68293330; "Calgary Now"; "You can help the Red Cross flood relief program with the purchase of our Flood of 2013 magazine The devastating... http//t.co/69ZcYXeXY5"; 51.04839287; -114.05940132
354303873235693569; "Mon Jul 08 182000 0000 2013"; 147818157; "Chanceformations Personal Training Inc"; "Hi everyone. Chanceformations is taking cash donations for flood relief. It will go to the Red Cross. MSG me for deets. Thank you!!"; 51.04534912; -114.08149719
354310948418355201; "Mon Jul 08 184807 0000 2013"; 68293330; "Calgary Now"; "Flood recovery to be overseen by newly named director With the citys postflood costs to repair infrastructure... http//t.co/TkS5kbGaWm"; 51.04839287; -114.05940132
354328720405827584; "Mon Jul 08 195844 0000 2013"; 17337834; "04936"; "04936 Flash Flood Watch issued July 08 at 349PM EDT until July 09 at 1200AM EDT by NWS Gray/Portland http//t.co/Zx9hjeCqJr"; 45.400842; -70.630941
354335592923934720; "Mon Jul 08 202603 0000 2013"; 53969028; "Toronto Now"; "Comics stage Toronto benefit for floodstricken Alberta Ron James, Elvira Kurt, Ryan Belleville and other top... http//t.co/EiRRgwFkA5"; 43.64842391; -79.37536382
354342155193552897; "Mon Jul 08 205207 0000 2013"; 68293330; "Calgary Now"; "Calgary officials move onto postflood recovery phase expected to take years and cost hundreds of millions City... http//t.co/8CBBZLYT8v"; 51.04839287; -114.05940132
354345456987422721; "Mon Jul 08 210515 0000 2013"; 25097977; "Travel Jasons Way"; "My street is starting to flood with all the rain!!!  This is crazy weather!"; 43.79248931; -79.44789095
354345918620901376; "Mon Jul 08 210705 0000 2013"; 340466540; "Dasha Balcom"; "Going nowhere fast ... #flood #intraffichell  Woodbine Racetrack http//t.co/xywDhN9TuR"; 43.71522454; -79.60427284
354347567900925954; "Mon Jul 08 211338 0000 2013"; 208255571; "floyd"; "My car almost got flooded on Wynford . Yikes!"; 43.72503713; -79.3366989
354350200317427712; "Mon Jul 08 212405 0000 2013"; 68293330; "Calgary Now"; "Comics stage Toronto benefit for floodstricken Alberta Ron James, Elvira Kurt, Ryan Belleville and other top... http//t.co/er3OUjL9Kl"; 51.04839287; -114.05940132
354350198941691904; "Mon Jul 08 212405 0000 2013"; 68293330; "Calgary Now"; "Nenshi names official to oversee Calgary flood recovery The mayor has appointed a senior official to oversee... http//t.co/eWIBvvaE5g"; 51.04839287; -114.05940132
354350197352046592; "Mon Jul 08 212405 0000 2013"; 68293330; "Calgary Now"; "Heritage homeowners face flood cleanup challenges Some of the neighbourhoods hit hardest by Calgarys floods are... http//t.co/E6tGkUjJdZ"; 51.04839287; -114.05940132
354352968600006656; "Mon Jul 08 213505 0000 2013"; 23248079; "Zhang Sqrd"; "Class canceled cause classroom flooded...  Wilson Hall, New College http//t.co/9cu3piDn4p"; 43.66170614; -79.40031043
354353424726368257; "Mon Jul 08 213654 0000 2013"; 21145168; "Kristin Herriott"; "rockyR5 Lucky. Its huge thunderstorms in Toronto amp, the roads r flooded but I loved getting 2 drive home. Had 2b there 2 experience it tho."; 43.85087335; -79.45413528
354353480187658240; "Mon Jul 08 213707 0000 2013"; 130613048; "Chris C"; "Wow Upper Gardiner at spadina is flooded. Yikes. CP24 Drive safe. #toronto #flooding"; 43.69065798; -79.29689575
354355741836066820; "Mon Jul 08 214607 0000 2013"; 541846119; "Cathy Davis"; "South #DVP completely flooded south of Pottery Rd. #pleasedrivecarefully"; 43.9811652; -79.4680722
354356158439493632; "Mon Jul 08 214746 0000 2013"; 762691646; "Irving"; "Damn, my entire backyard has became a flood !"; 43.74142321; -79.59673466
354356738792767489; "Mon Jul 08 215004 0000 2013"; 906862765; "Heather Hird"; "CityAvery The street is now completely flooded. Water has overtaken the sidewalk and up onto walkways. CityNews http//t.co/BqVn1n20or"; 43.6630797; -79.4587484
354356857927761920; "Mon Jul 08 215033 0000 2013"; 34100868; "Maggie Burns"; "Flooded in in the Brampton office... I think I had a nightmare about this last week #rainraingoaway"; 43.73472; -79.70604
354357799096033280; "Mon Jul 08 215417 0000 2013"; 762691646; "Irving"; "puppal811 yeah my back yard has flooded, most of the waters close to my door lol"; 43.74142321; -79.59673466
354358584592703489; "Mon Jul 08 215724 0000 2013"; 37987690; "Sam Lightowler"; "Small flood #storm  Humble Abode http//t.co/ctIFPqLCOp"; 43.56999969; -79.5759964
354358715232702464; "Mon Jul 08 215756 0000 2013"; 394926057; "Bisma M. Bhatti"; "Check out this little flood. Thats right, you cant see the curb! http//t.co/I77DfqklHG"; 43.59480022; -79.66655613
354359292935147520; "Mon Jul 08 220013 0000 2013"; 427780639; "Jac"; "Drive safe everyone! Streets in our neighbourhood are flooded. Power just went out."; 43.6631724; -79.5830698
354359536024424449; "Mon Jul 08 220111 0000 2013"; 762691646; "Irving"; "God forbid that we dont get the devastating flood that Alberta got !"; 43.74142321; -79.59673466
354359671508832257; "Mon Jul 08 220144 0000 2013"; 30237884; "Jen"; "Craziest commute EVER! Flooded roads from North York all the way home amp, zero visablity in many, many places! CityNatasha WxMississauga"; 43.54988; -79.61098
354360323907661825; "Mon Jul 08 220419 0000 2013"; 1325343240; "Molly Willows"; "Never mind the cops taking over bellwoods park, there is a fucking waterfall coarsing through its every flooded oozy bits #fuckyoutoronto"; 43.64656116; -79.415789
354360616858828800; "Mon Jul 08 220529 0000 2013"; 1549295347; "Ransher Nain"; "Kavisha95 well sure , but its flooded in a matter of minutes"; 43.57655658; -79.58411451
354361031172177920; "Mon Jul 08 220708 0000 2013"; 138093232; "Brent Michaluk"; "Water coming down the steps at Union teamway entrance. Major flood under tracks on lower Simcoe, two cars nearly submerged #onstorm"; 43.64190298; -79.3841642
354361155134816256; "Mon Jul 08 220737 0000 2013"; 18773985; "Candace Forsyth"; "Flickering lights at Hallam and Dovercourt. #stormTO"; 43.66814574; -79.4321707
354361430910308353; "Mon Jul 08 220843 0000 2013"; 9864812; "grahampowell"; "Rainplow Limo. Power is out and highways flooded. My limo driver is awesome!!  TTC Bus 73 Royal York http//t.co/teq5Eig8rp"; 43.67724635; -79.51962957
354361524183244800; "Mon Jul 08 220905 0000 2013"; 121249388; "Andrew Hoffman"; "Sidewalk destroyed from the flood 2 weeks ago http//t.co/8YvB0m44hV"; 51.0343939; -114.05423714
354362045220655104; "Mon Jul 08 221109 0000 2013"; 146112367; "Davis Awoterinwa"; "#flood #torontoweather #rain  Pepsico http//t.co/NUKWY27BOj"; 43.65819698; -79.61045241
354362171213377536; "Mon Jul 08 221140 0000 2013"; 52898440; "Mary Ann Torres"; "Lakeshore blvd  parklawn completely flooded  no street cars or cars http//t.co/NVpCpssUBT"; 43.6255; -79.4816
354362557663956992; "Mon Jul 08 221312 0000 2013"; 109113765; "Denielle B"; "#toronto Flood http//t.co/SZGdqM59Z2"; 43.68817092; -79.5066287
354362763507798017; "Mon Jul 08 221401 0000 2013"; 52065949; "Shubham Datta"; "And now the power is out. #TOstorm"; 43.69788577; -79.50685097
354362820483223552; "Mon Jul 08 221414 0000 2013"; 278986603; "Zekria"; "My fucking street is flooded!!! Fml"; 43.6402269; -79.5602076
354362869619503105; "Mon Jul 08 221426 0000 2013"; 16879485; "Danielle"; "... And there goes the power #tostorm"; 43.6402978; -79.3754762
354362875650916355; "Mon Jul 08 221427 0000 2013"; 484364767; "Patrick"; "Do NOT try and drive on bay by union.  Flooded under the tracks!!! #rainTO #Toronto"; 43.64438484; -79.37756627
354363011789623296; "Mon Jul 08 221500 0000 2013"; 30749003; "Diana Worobec"; "MichaelShanks #savinghope studio is flooded. Needless to say, we are wrapped for the day? http//t.co/Py1Yekfqt0"; 43.126052; -79.2611572
354364214997037056; "Mon Jul 08 221947 0000 2013"; 422037568; "Scott Rathbone"; "Power outage in liberty village #tostorm"; 43.63968035; -79.41457879
354365193242943488; "Mon Jul 08 222340 0000 2013"; 98827208; "Eliana Bray"; "RT exnihilowines High River Flood Relief  http//t.co/FuifGgjEsD"; 49.84071233; -119.45849166
354365234170953732; "Mon Jul 08 222350 0000 2013"; 221046669; "Patricia Quintero"; "jeangeorge17 slow amp, bad traffic, trying to get to class! #severestorm # nopower on Queen St. West flooded streets. C u soon!"; 43.64873224; -79.39675004
354365238088433665; "Mon Jul 08 222351 0000 2013"; 1521019129; "BRYANT"; "Laptop has 2hrs remaining. No way Im leaving work in this #stormTO"; 43.62; -79.7733
354365714729140224; "Mon Jul 08 222544 0000 2013"; 397304173; "AG"; "My whole fucking room is flooded"; 43.65554852; -79.57240708
354365737386786816; "Mon Jul 08 222550 0000 2013"; 29585712; "Marta Rusiniak"; "Holy, be careful if youre out there! RT beerboozebites Holy crap  SERIOUS flood at King St West train bridge! http//t.co/slBJGQdjNl"; 43.66484694; -79.49799936
354366248194293762; "Mon Jul 08 222752 0000 2013"; 16879485; "Danielle"; "BlueGarnet S some subway stations too. Kind of scary. Everything around here is flooded..."; 43.64659395; -79.37517036
354366311847043074; "Mon Jul 08 222807 0000 2013"; 70196696; "Winnipeg Now"; "Manitoba flood evacuees suing MANFF, federal government The federal government and the Manitoba Association of... http//t.co/xGE0e24LJ4"; 49.89034914; -97.13954053
354366587203108864; "Mon Jul 08 222912 0000 2013"; 1288707535; "Piroska Bata"; "QEW flooded east n west bound in spots! I stopped to take pic #drivesafe #mississauga #Toronto #safety http//t.co/42rURDt9J8"; 43.62315; -79.49961
354366590373994496; "Mon Jul 08 222913 0000 2013"; 18825309; "AleenaZ"; "Guys seriously be careful. That was a tough drive home. Lots of roads under water. #stormTO"; 43.6942578; -79.39632149
354366637014659074; "Mon Jul 08 222924 0000 2013"; 65265612; ""; "So the PATH is partially flooded and power outages errrywhere! Guys, its complete rush hour chaos."; 43.64805101; -79.3799241
354366800370216960; "Mon Jul 08 223003 0000 2013"; 221668042; "Karishma Vaz"; "Power is out! #TOstorm"; 43.81242046; -79.26515282
354366890681970688; "Mon Jul 08 223025 0000 2013"; 259118179; "Jonathan Seki"; "Damn my grandfathers house has no power and its flooded."; 43.8569949; -79.3986789
354367019786833921; "Mon Jul 08 223056 0000 2013"; 24822695; "anubha momin"; "nevillepark Welp. RT beerboozebites Holy crap  SERIOUS flood at King St West train bridge! http//t.co/Q0Hl2SLWVE Holy smokes."; 43.644095; -79.40078948
354367152138108928; "Mon Jul 08 223127 0000 2013"; 137496524; ""; "Theres a flood outside can you even swim bro!"; 43.5878495; -79.6577104
354367405054627840; "Mon Jul 08 223227 0000 2013"; 29752106; "Jackie Vieira"; "Power is out in Mississauga and I know of at least one flooded home on my street. People take care and be careful on those roads."; 43.58353; -79.63435
354367443281518592; "Mon Jul 08 223236 0000 2013"; 238621553; "Jason R"; "beerboozebites Holy crap  SERIOUS flood at King St West train bridge! http//t.co/k6wKqd9yGe YIKES #tdotflood"; 43.66631368; -79.59933582
354367620222435329; "Mon Jul 08 223319 0000 2013"; 52065949; "Shubham Datta"; "Follow TorontoHydro for updates on the #power #outage! #darkTO #stormTO #TOstorm #onstorm #stormwatch"; 43.69794225; -79.50705852
354367741014188032; "Mon Jul 08 223348 0000 2013"; 10894472; "Collin Ng"; "SoulSurfette lol the city is getting slammed by a fuck of a storm, powers out. King and lakeshore are both flooded and you post this!! Lol"; 43.64706985; -79.39936192
354368036897161216; "Mon Jul 08 223458 0000 2013"; 47774224; "Reeti A"; "#kipling and #martingrove stations are flooded and are not accessible at all #torontoflooding #torontoiswet GOtransit"; 43.70647629; -79.5626033
